feature,importance
hour,0.35541770580309684
is_rush_hour,0.2688222021444711
drop_zone_encoded,0.1263766572466317
pickup_zone_encoded,0.11523989983549929
day_of_week,0.08267147394900005
is_weekend,0.03970708166238645
month,0.011764979358914681
